<?xml version="1.0" encoding="UTF-8"?>
<beans xmlns="http://www.springframework.org/schema/beans"
	xmlns:xsi="http://www.w3.org/2001/XMLSchema-instance" xmlns:tx="http://www.springframework.org/schema/tx"
	xmlns:mvc="http://www.springframework.org/schema/mvc" xmlns:aop="http://www.springframework.org/schema/aop"
	xmlns:context="http://www.springframework.org/schema/context"
	xsi:schemaLocation="http://www.springframework.org/schema/mvc http://www.springframework.org/schema/mvc/spring-mvc-4.3.xsd
		http://www.springframework.org/schema/beans http://www.springframework.org/schema/beans/spring-beans.xsd
		http://www.springframework.org/schema/context http://www.springframework.org/schema/context/spring-context-4.3.xsd
		http://www.springframework.org/schema/aop http://www.springframework.org/schema/aop/spring-aop-4.3.xsd
		http://www.springframework.org/schema/tx http://www.springframework.org/schema/tx/spring-tx-4.3.xsd">

	<context:component-scan
		base-package="org.firedetection.biz.*.dao, org.firedetection.*.service" />

	<!-- Spring JDBC 연동 (JdbcTemplate 필요) -->
	<bean id="jdbcTemplate" class="org.springframework.jdbc.core.JdbcTemplate">
		<constructor-arg ref="dataSource"></constructor-arg>
	</bean>

	<!-- Mysql DBCP설정 -->
	<bean id="dataSource" class="org.springframework.jdbc.datasource.DriverManagerDataSource">
        <property name="driverClassName" value="org.mariadb.jdbc.Driver"></property> <!-- mariadb로 바꾸면 여기만 mysql에서 maridb로만 바꾸면 됨 -->
        <property name="url" value="jdbc:mariadb://kiraondb.mrsshr.net:13422/inturnDB?allowMultiQueries=true&amp;useUnicode=true&amp;characterEncoding=utf8"></property>
        <property name="username" value="firedb"></property>
        <property name="password" value="wjdqhqhdks1!"></property>
    </bean>


	<!-- Mybatis 연동 설정 -->
	<bean id="sqlSessionFactoryBean" class="org.mybatis.spring.SqlSessionFactoryBean">
		<property name="dataSource" ref="dataSource"></property>
		<property name="configLocation" value="classpath:mybatis-config.xml"></property>
	</bean>
	
	<bean id="sqlSessionTemplate" class="org.mybatis.spring.SqlSessionTemplate">
		<constructor-arg ref="sqlSessionFactoryBean"></constructor-arg>
	</bean>

	<bean id="txManager"
		class="org.springframework.jdbc.datasource.DataSourceTransactionManager">
		<property name="dataSource" ref="dataSource" />
	</bean>
	
	<!-- <tx:advice id="txAdvice" transaction-manager="txManager">
		<tx:attributes>
			<tx:method name="select*" read-only="true" />
			<tx:method name="insert*" propagation="REQUIRED" />
			<tx:method name="modify*" propagation="REQUIRED" />
			<tx:method name="delete*" propagation="REQUIRED" />
			<tx:method name="*" rollback-for="Exception" />
		</tx:attributes>
	</tx:advice> -->
	
	<tx:annotation-driven transaction-manager="txManager"/> 
	
	<!-- <aop:config>
		<aop:pointcut id="requiredTx"
			expression="execution(* com.inturn.biz.board.service.*Impl.*(..))" />
		<aop:advisor advice-ref="txAdvice" pointcut-ref="requiredTx" />
	</aop:config> -->
</beans>
