<?xml version="1.0" encoding="UTF-8"?>
<!DOCTYPE mapper
  PUBLIC "-//mybatis.org//DTD Mapper 3.0//EN"
  "http://mybatis.org/dtd/mybatis-3-mapper.dtd">
<mapper namespace="FileMapper">

	<select id="findFileGroup" parameterType="String" resultType="int">
		SELECT IFNULL(max(fileGroupNum), 0) FROM fileGroup WHERE flag = #{flag}
	</select>
	
	<select id="findFileGroupNumMax" parameterType="int" resultType="int">
		SELECT IFNULL(max(fileGroupNum), 0) FROM fileGroup WHERE fb_num = #{fb_num}
	</select>

	<select id="findFileGroupNumMin" parameterType="int" resultType="int">
		SELECT IFNULL(min(fileGroupNum), 0) FROM fileGroup WHERE fb_num = #{fb_num}
	</select>
	
	<insert id="insertFileGroup">
		INSERT INTO fileGroup (fileGroupNum, flag)
		VALUES((SELECT IFNULL(max(f.fileGroupNum),0)+1 FROM files f), #{flag})
	</insert>
	
	<update id="update_CB_FileGroup" parameterType="FileGroupVO">
		UPDATE fileGroup SET cb_num = #{cb_num} WHERE fileGroupNum = #{fileGroupNum}
	</update>

	<update id="update_FB_FileGroup" parameterType="FileGroupVO">
		UPDATE fileGroup SET fb_num = #{fb_num} WHERE fileGroupNum = #{fileGroupNum}
	</update>

	<update id="update_TB_FileGroup" parameterType="FileGroupVO">
		UPDATE fileGroup SET tb_num = #{tb_num} WHERE fileGroupNum = #{fileGroupNum}
	</update>
	
	<update id="modify_FB_files" parameterType="HashMap">
		UPDATE files SET fileGroupNum = #{min} WHERE fileGroupNum = #{max}
	</update>
	
	<update id="insertBoard" parameterType="String">
		UPDATE fileGroup SET flag = '-1' WHERE flag = #{flag}
	</update>
	
	<delete id="delete_CB_FileGroup">
		DELETE FROM fileGroup WHERE cb_num = #{cb_num}
	</delete>

	<delete id="delete_FB_FileGroup">
		DELETE FROM fileGroup WHERE fb_num = #{fb_num}
	</delete>

	<delete id="delete_TB_FileGroup">
		DELETE FROM fileGroup WHERE tb_num = #{tb_num}
	</delete>

	<delete id="delete_FB_Files">
		DELETE FROM files WHERE file_num = #{fb_num}
	</delete>
	
	<delete id="deleteFileGroup">
		DELETE FROM fileGroup WHERE fileGroupNum = #{fileGroupNum}
	</delete> 
	
	<select id="findFiles" parameterType="int" resultType="FilesVO">
		SELECT * FROM files WHERE fileGroupNum = #{fileGroupNum}
	</select>
	
	<select id="findFile" parameterType="FilesVO" resultType="int">
		SELECT IFNULL(max(file_num),0) from files WHERE fileName = #{fileName} and fileHash = #{fileHash} and fileGroupNum = #{fileGroupNum}
	</select>
	
	<insert id="insertFile" parameterType="FilesVO">
		INSERT INTO files (file_num, filePath, fileName, fileSize, fileHash, regDate, user_id) 
		VALUES((SELECT IFNULL(max(f.file_num),0)+1 FROM files f), #{filePath}, #{fileName}, #{fileSize}, #{fileHash}, #{regDate}, #{user_id})
	</insert>
	
	<delete id="deleteFile">
		DELETE FROM files WHERE fileGroupNum = #{fileGroupNum}
	</delete>
	
	<insert id="insertfilesname" parameterType="FileListVO">
		INSERT INTO FILESNAME (HASH, OLD_NAME) VALUES(#{hash}, #{old_name})
	</insert>
	
	<update id="updatefilesname" parameterType="FileListVO">
		UPDATE FILESNAME SET NEW_NAME = #{new_name} WHERE HASH = #{hash} AND OLD_NAME = #{old_name}
	</update>
	
	<select id="selectuserfiles" parameterType="FileListVO" resultType="FileListVO">
		SELECT HASH, REGDATE, FILESIZE, NEW_NAME, OLD_NAME
		FROM FILES F, FILESNAME N
		WHERE F.FILEHASH = N.HASH AND USER_ID = #{user_id}
	</select>
	
	
	<delete id="filedelete" parameterType="String">
		DELETE FRONM FILES WHERE FILEHASH=#{hash}
	</delete>
	
</mapper>