<?xml version="1.0" encoding="UTF-8"?>
<!DOCTYPE mapper PUBLIC "-//mybatis.org//DTD Mapper 3.0//EN" "http://mybatis.org/dtd/mybatis-3-mapper.dtd">
<mapper namespace="ReplyMapper">
	<select id="freeBoardAlarm" parameterType="String" resultType="ReplyVO">
		SELECT * FROM reply WHERE fb_num in (SELECT f.fb_num FROM freeBoard f WHERE f.id = #{id}) ORDER BY fb_num DESC LIMIT 10
	</select>

	<insert id="insertFBReply" parameterType="ReplyVO">
		INSERT INTO reply (rp_num, fb_num, content, regDate, parentNum, position, id)
		VALUES((SELECT IFNULL(max(r.rp_num),0)+1 FROM reply r), #{fb_num}, #{content}, #{regDate}, 
		-1, (SELECT IFNULL(max(r.position),0)+1 FROM reply r), #{id})
	</insert>
	
	<insert id="insertFBReReply" parameterType="ReplyVO">
		INSERT INTO reply (rp_num, fb_num, content, regDate, parentNum, position, id)
		VALUES((SELECT IFNULL(max(r.rp_num),0)+1 FROM reply r),
			#{fb_num}, #{content}, #{regDate}, #{parentNum},
			(SELECT IFNULL(MIN(r.position),
				(SELECT r1.position FROM reply r1 WHERE rp_num = #{parentNum})) -1 
					FROM reply r WHERE parentNum = #{parentNum}), #{id})
	</insert>
	
	<select id="getPosition" parameterType="int" resultType="int">
		SELECT IFNULL(MIN(r.position),
				(SELECT r1.position FROM reply r1 WHERE rp_num = #{parentNum})) 
					FROM reply r WHERE parentNum = #{parentNum}
	</select>
	
	<select id="getFBReplies" parameterType="HashMap" resultType="ReplyVO">
		SELECT * 
		FROM (
			SELECT * 
			FROM reply
			WHERE fb_num = #{fb_num}
			ORDER BY position
			LIMIT #{offset}, #{limit}
		) A ORDER BY position DESC
	</select>
	
	<select id="getReply" parameterType="int" resultType="ReplyVO">
		SELECT * FROM reply WHERE rp_num = #{rp_num}
	</select>
	
	<select id="countReplies" parameterType="int" resultType="int">
		SELECT count(*) FROM reply WHERE fb_num = #{fb_num}
	</select>
	
	<update id="modifyReply" parameterType="ReplyVO">
		UPDATE reply SET content = #{content} WHERE rp_num = #{rp_num}
	</update>

	<update id="upPosition" parameterType="int">
		UPDATE reply SET position = position + 1 WHERE position >= #{position}
	</update>

	<update id="downPosition" parameterType="int">
		UPDATE reply SET position = position - 1 WHERE position >= #{position}
	</update>
	
	<delete id="deleteReply" parameterType="int">
		DELETE FROM reply WHERE rp_num = #{rp_num}
	</delete>
	
	<delete id="deleteChildReply" parameterType="int">
		DELETE FROM reply WHERE parentNum = #{rp_num}
	</delete>
	
	<delete id="deleteReplies" parameterType="int">
		DELETE FROM reply WHERE fb_num = #{fb_num}
	</delete>
	
	<select id="mentorBoardAlarm" parameterType="String" resultType="ReplyVO">
		SELECT * FROM reply  
		WHERE mb_num in (SELECT m.mb_num FROM mentorboard m WHERE m.id = #{id}) 
		ORDER BY mb_num DESC LIMIT 10
	</select>
	
	<insert id="insertMBReply" parameterType="ReplyVO">
		INSERT INTO reply (rp_num, mb_num, content, regDate, parentNum, position, id)
		VALUES(
			(SELECT IFNULL(max(r.rp_num),0)+1 FROM reply r), 
			#{mb_num}, 
			#{content}, 
			now(), 
			-1, 
			(SELECT IFNULL(max(r.position),0)+1 FROM reply r), 
			#{id}
		)
	</insert>
	
	<insert id="insertMBReReply" parameterType="ReplyVO">
		INSERT INTO reply (rp_num, mb_num, content, regDate, parentNum, position, id)
		VALUES(
			(SELECT IFNULL(max(r.rp_num),0)+1 FROM reply r),
			#{mb_num}, 
			#{content}, 
			#{regDate}, 
			#{parentNum}, 
			(SELECT IFNULL(MIN(r.position), 
			(SELECT r1.position FROM reply r1 WHERE rp_num = #{parentNum})) -1 FROM reply r WHERE parentNum = #{parentNum}), 
			#{id})
	</insert>
	
	<select id="getMBReplies" parameterType="HashMap" resultType="ReplyVO">
		SELECT * 
		FROM (
			SELECT * 
			FROM reply
			WHERE mb_num = #{mb_num}
			ORDER BY position
			LIMIT #{offset}, #{limit}
		) A ORDER BY position DESC
	</select>
	
	<delete id="deleteMBReplies" parameterType="int">
		DELETE FROM reply 
		WHERE mb_num = #{mb_num}
	</delete>
	
	<select id="countMBReplies" parameterType="int" resultType="int">
		SELECT count(*) 
		FROM reply 
		WHERE mb_num = #{mb_num}
	</select>
	
	<!-- 멘티 게시물 댓글 -->
	<insert id="insertTBReply" parameterType="ReplyVO">
		INSERT INTO reply (rp_num, tb_num, content, regDate, parentNum, position, id)
		VALUES((SELECT IFNULL(max(r.rp_num),0)+1 FROM reply r), #{tb_num}, #{content}, #{regDate}, 
		-1, (SELECT IFNULL(max(r.position),0)+1 FROM reply r), #{id})
	</insert>
	
	<insert id="insertTBReReply" parameterType="ReplyVO">
		INSERT INTO reply (rp_num, tb_num, content, regDate, parentNum, position, id)
		VALUES((SELECT IFNULL(max(r.rp_num),0)+1 FROM reply r),
			#{tb_num}, #{content}, #{regDate}, #{parentNum},
			(SELECT IFNULL(MIN(r.position),
				(SELECT r1.position FROM reply r1 WHERE rp_num = #{parentNum})) -1 
					FROM reply r WHERE parentNum = #{parentNum}), #{id})
	</insert>
	
	<delete id="deleteTBReplies" parameterType="int">
		DELETE FROM reply 
		WHERE tb_num = #{tb_num}
	</delete>
	
	<select id="countTBReplies" parameterType="int" resultType="int">
		SELECT count(*) 
		FROM reply 
		WHERE tb_num = #{tb_num}
	</select>
	
	<select id="getTBReplies" parameterType="HashMap" resultType="ReplyVO">
		SELECT * 
		FROM (
			SELECT * 
			FROM reply
			WHERE tb_num = #{tb_num}
			ORDER BY position
			LIMIT #{offset}, #{limit}
		) A ORDER BY position DESC
	</select>
	
	<select id="menteeBoardAlarm" parameterType="String" resultType="ReplyVO">
		SELECT * FROM reply  
		WHERE tb_num in (SELECT t.tb_num FROM menteeBoard t WHERE t.id = #{id}) 
		ORDER BY tb_num DESC LIMIT 10
	</select>
</mapper>
