<?xml version="1.0" encoding="UTF-8"?>
<beans xmlns="http://www.springframework.org/schema/beans"
	xmlns:xsi="http://www.w3.org/2001/XMLSchema-instance"
	xmlns:mvc="http://www.springframework.org/schema/mvc"
	xmlns:p="http://www.springframework.org/schema/p"
	xmlns:context="http://www.springframework.org/schema/context"
	xsi:schemaLocation="http://www.springframework.org/schema/mvc http://www.springframework.org/schema/mvc/spring-mvc-4.3.xsd
		http://www.springframework.org/schema/beans http://www.springframework.org/schema/beans/spring-beans.xsd
		http://www.springframework.org/schema/context http://www.springframework.org/schema/context/spring-context-4.3.xsd">
	
	<context:component-scan base-package="com.inturn.biz.web.controller, com.inturn.biz.web.common"></context:component-scan>
	<mvc:annotation-driven></mvc:annotation-driven>

    <!-- restful. 일반 Controller Annotation 사용시 -->
    <mvc:resources mapping="/css/**" location="/css/" />
    <mvc:resources mapping="/images/**" location="/images/" />
    <mvc:resources mapping="/js/**" location="/js/" />
    <mvc:resources mapping="/fonts/**" location="/fonts/" />
    <mvc:resources mapping="/sass/**" location="/sass/" />
    <mvc:resources mapping="/resources/**" location="/resources/" />
	
	<mvc:annotation-driven>
		<mvc:message-converters>
			<bean class="org.springframework.http.converter.json.MappingJackson2HttpMessageConverter" />
		</mvc:message-converters>
	</mvc:annotation-driven>
	
	<bean class="org.springframework.web.servlet.view.InternalResourceViewResolver">
		<property name="prefix" value="/WEB-INF/views/" />
		<property name="suffix" value=".jsp" />
	</bean>

	<!-- file Upload -->
    <bean id="multipartResolver" class="org.springframework.web.multipart.commons.CommonsMultipartResolver">
        <!-- max upload size in bytes -->
        <property name="maxUploadSize" value="20971520" /> <!-- 20MB -->
        <!-- max size of file in memory (in bytes) -->
        <property name="maxInMemorySize" value="1048576" /> <!-- 1MB -->
    </bean>

	<bean id="localeResolver" class="org.springframework.web.servlet.i18n.SessionLocaleResolver"></bean>

	<!-- Json View설정 -->
	<bean class="org.springframework.web.servlet.view.BeanNameViewResolver" p:order="0" />
	<bean class="org.springframework.web.servlet.view.json.MappingJackson2JsonView" id="jsonView">
		<property name="contentType" value="application/json; charset=UTF-8" />
	</bean>

	<mvc:interceptors>
<!-- 		<bean class="org.springframework.web.servlet.i18n.LocaleChangeInterceptor">
			<property name="paramName" value="lang"></property>
		</bean> -->
		<!-- 이 위의 설정이 파일을 업로드할 때, 막아버림 왜그럴까? -->
		<mvc:interceptor>
			<mvc:mapping path="/*.do" />
			<bean class="com.inturn.biz.web.common.AuthenticInterceptor"></bean>
		</mvc:interceptor>
	</mvc:interceptors>
</beans>
